,url_x,book,author_x,author_y,url_y
1,http://lib.ru/RUSSLIT/STANYUKOWICH/nianka.txt,нянька,станюковичконстантин,константинмихайловичстанюкович,https://briefly.ru/stanjukovich/nianka/
2,http://lib.ru/RUSSLIT/STANYUKOWICH/kucyj.txt,куцый,станюковичконстантин,константинмихайловичстанюкович,https://briefly.ru/stanjukovich/kutcyy/
3,http://lib.ru/RUSSLIT/STANYUKOWICH/matrosik.txt,матросик,станюковичконстантин,константинмихайловичстанюкович,https://briefly.ru/stanjukovich/matrosik/
4,http://lib.ru/RUSSLIT/STANYUKOWICH/maximka.txt,максимка,станюковичконстантин,константинмихайловичстанюкович,https://briefly.ru/stanjukovich/maksimka/
5,http://lib.ru/RUSSLIT/STANYUKOWICH/zabortom.txt,человекзабортом,станюковичконстантин,константинмихайловичстанюкович,https://briefly.ru/stanjukovich/chelovek_za_bortom/
6,http://lib.ru/PROZA/GROSSMAN/grossman13.txt,собака,гроссманвасилий,василийсеменовичгроссман,https://briefly.ru/grossman/sobaka/
7,http://lib.ru/PROZA/SHOLOHOW/obida.txt,обида,шолоховмихаил,михаилалександровичшолохов,https://briefly.ru/sholohov/obida/
8,http://lib.ru/PROZA/../NABOKOW/rozhdestvo.txt,рождество,набоковвладимир,владимирвладимировичнабоков,https://briefly.ru/nabokov/rozhdestvo/
9,http://lib.ru/PROZA/../NABOKOW/fial12.txt,облакоозеробашня,набоковвладимир,владимирвладимировичнабоков,https://briefly.ru/nabokov/oblako_ozero_bashnia/
10,http://lib.ru/PROZA/../NABOKOW/mary.txt,машенька,набоковвладимир,владимирвладимировичнабоков,https://briefly.ru/nabokov/mashenka/
11,http://lib.ru/PROZA/../NABOKOW/luzhin.txt,защиталужина,набоковвладимир,владимирвладимировичнабоков,https://briefly.ru/nabokov/zashita_luzhina/
12,http://lib.ru/PROZA/../NABOKOW/invitation.txt,приглашениенаказнь,набоковвладимир,владимирвладимировичнабоков,https://briefly.ru/nabokov/priglashenie_na_kazn/
13,http://lib.ru/PROZA/../NABOKOW/dar.txt,дар,набоковвладимир,владимирвладимировичнабоков,https://briefly.ru/nabokov/dar/
14,http://lib.ru/PROZA/BALTER/good-bye.txt,досвиданиямальчики,балтерборис,борисисааковичбалтер,https://briefly.ru/balter/do_svidanija_malchiki/
15,http://lib.ru/INPROZ/DURENMATT/avaria.txt,авария,дюрренматтфридрих,фридрихдюрренматт,https://briefly.ru/djurrenmatt/avarija/
16,http://lib.ru/INPROZ/DURENMATT/p_visit.txt,визитстаройдамы,дюрренматтфридрих,фридрихдюрренматт,https://briefly.ru/djurrenmatt/vizit_staroj_damy/
17,http://lib.ru/INOFANT/KELLERMAN/tonnel.txt,туннель,келлерманбернгард,бернгардкеллерман,https://briefly.ru/kellerman/tunnel/
18,http://lib.ru/PROZA/NAGIBIN/rasskazy.txt,безлюбый,нагибинюрий,юриймарковичнагибин,https://briefly.ru/nagibin/bezliubyy/
19,http://lib.ru/PROZA/../BULGAKOW/zapiskiw.txt,запискиюноговрача,булгаковмихаил,михаилафанасьевичбулгаков,https://briefly.ru/bulgakov/zapiski_iunogo_vracha/
20,http://lib.ru/PROZA/../BULGAKOW/whtguard.txt,белаягвардия,булгаковмихаил,михаилафанасьевичбулгаков,https://briefly.ru/bulgakov/belaya_gvardiya/
21,http://lib.ru/PROZA/../BULGAKOW/eggs.txt,роковыеяйца,булгаковмихаил,михаилафанасьевичбулгаков,https://briefly.ru/bulgakov/rokovye_yaitsa/
22,http://lib.ru/PROZA/../BULGAKOW/teatral.txt,театральныйроман,булгаковмихаил,михаилафанасьевичбулгаков,https://briefly.ru/bulgakov/teatralnyi_roman/
23,http://lib.ru/PROZA/../BULGAKOW/diavoliada.txt,дьяволиада,булгаковмихаил,михаилафанасьевичбулгаков,https://briefly.ru/bulgakov/djavoliada/
24,http://lib.ru/PROZA/../BULGAKOW/run.txt,бег,булгаковмихаил,михаилафанасьевичбулгаков,https://briefly.ru/bulgakov/beg/
25,http://lib.ru/PROZA/../BULGAKOW/zoj_flat.txt,зойкинаквартира,булгаковмихаил,михаилафанасьевичбулгаков,https://briefly.ru/bulgakov/zoikina_kvartira/
26,http://lib.ru/PROZA/../BULGAKOW/kabala1.txt,кабаласвятош,булгаковмихаил,михаилафанасьевичбулгаков,https://briefly.ru/bulgakov/kabala_svjatosh/
27,http://lib.ru/INPROZ/SELIN/kraj_nochi.txt,путешествиенакрайночи,селинлуифердинанд,луифердинандселин,https://briefly.ru/selin/puteshestvie_na_kraj_nochi/
28,http://lib.ru/PXESY/ROZOW/radost.txt,впоискахрадости,викторрозов,викторсергеевичрозов,https://briefly.ru/rozov/v_poiskah_radosti/
29,http://lib.ru/RUSSLIT/FURMANOW/chapaew.txt,чапаев,фурмановдмитрий,дмитрийандреевичфурманов,https://briefly.ru/furmanov/chapaev/
30,http://lib.ru/PROZA/ABRAMOW/abramov_dom.txt,дом,абрамовфедор,федоралександровичабрамов,https://briefly.ru/abramov/dom/
31,http://lib.ru/RUSSLIT/GRIN/parusa.txt,алыепаруса,гриналександр,александрстепановичгрин,https://briefly.ru/grin/alye_parusa/
32,http://lib.ru/RUSSLIT/GRIN/begush.txt,бегущаяповолнам,гриналександр,александрстепановичгрин,https://briefly.ru/grin/begucshaja_po_volnam/
33,http://lib.ru/PRIKL/../MAJNRID/nohead.txt,всадникбезголовы,ридмайн,майнрид,https://briefly.ru/rid/vsadnik_bez_golovy/
34,http://lib.ru/PROZA/KAZAKEWICH/zwezda.txt,звезда,казакевичэммануил,эммануилгенриховичказакевич,https://briefly.ru/kazakevich/zvezda/
35,http://lib.ru/POEEAST/HARITON/hariton1_1.txt,повестьолюбвихереяикаллирои,харитон,харитон,https://briefly.ru/xariton/povest_o_ljubvi_xereja_i_kalliroi/
36,http://lib.ru/INPROZ/ZOLYA/zola06_1.txt,западня,золяэмиль,эмильзоля,https://briefly.ru/zolja/zapadnja/
37,http://lib.ru/PROZA/ASTAFIEW/ryba.txt,царьрыба,астафьеввиктор,викторпетровичастафьев,https://briefly.ru/astafev/car-ryba/
38,http://lib.ru/PROZA/ASTAFIEW/pastushka.txt,пастухипастушка,астафьеввиктор,викторпетровичастафьев,https://briefly.ru/astafev/pastuh_i_pastushka/
39,http://lib.ru/PROZA/ASTAFIEW/poklon.txt,последнийпоклон,астафьеввиктор,викторпетровичастафьев,https://briefly.ru/astafev/posledniy_poklon/
40,http://lib.ru/TALES/SIBIYAK/zoloto.txt,золото,дмитриймаминсибирякаленушкинысказки,дмитрийнаркисовичмаминсибиряк,https://briefly.ru/mamin-sibirjak/zoloto/
41,http://lib.ru/TALES/SIBIYAK/privm.txt,приваловскиемиллионы,дмитриймаминсибирякаленушкинысказки,дмитрийнаркисовичмаминсибиряк,https://briefly.ru/mamin-sibirjak/privalovskie_milliony/
42,http://lib.ru/LITRA/PUSHKIN/saltan.txt,сказкаоцаресалтане,пушкиналександрсергеевич,александрсергеевичпушкин,https://briefly.ru/pushkin/skazka_o_tcare_saltane/
43,http://lib.ru/LITRA/PUSHKIN/and.txt,анджело,пушкиналександрсергеевич,александрсергеевичпушкин,https://briefly.ru/pushkin/andzhelo/
44,http://lib.ru/LITRA/PUSHKIN/dubrowskij.txt,дубровский,пушкиналександрсергеевич,александрсергеевичпушкин,https://briefly.ru/pushkin/dubrovsky/
45,http://lib.ru/LITRA/PUSHKIN/mocart.txt,моцартисальери,пушкиналександрсергеевич,александрсергеевичпушкин,https://briefly.ru/pushkin/mocart_i_salieri/
46,http://lib.ru/LITRA/PUSHKIN/kapitan.txt,капитанскаядочка,пушкиналександрсергеевич,александрсергеевичпушкин,https://briefly.ru/pushkin/kapitanskaya_dochka/
47,http://lib.ru/INPROZ/../SARTR/p_muhi.txt,мухи,сартржанполь,жанпольсартр,https://briefly.ru/sartr/muxi/
48,http://lib.ru/INPROZ/KAWABATA/snow.txt,снежнаястрана,кавабатаясунари,ясунарикавабата,https://briefly.ru/kavabata/snezhnaja_strana/
49,http://lib.ru/INPROZ/ZOLYA/zola01_1.txt,карьераругонов,золяэмиль,эмильзоля,https://briefly.ru/zolja/karera_rugonov/
50,http://lib.ru/INPROZ/ZOLYA/zola11_1.txt,творчество,золяэмиль,эмильзоля,https://briefly.ru/zolja/tvorchestvo/
51,http://lib.ru/RUSSLIT/FADEEW/razgrom.txt,разгром,фадеевалександр,александралександровичфадеев,https://briefly.ru/fadeev/razgrom/
52,http://lib.ru/INPROZ/ZOLYA/zola16_1.txt,докторпаскаль,золяэмиль,эмильзоля,https://briefly.ru/zolja/doktor_paskal/
53,http://lib.ru/INPROZ/ZOLYA/zola19_1.txt,терезаракен,золяэмиль,эмильзоля,https://briefly.ru/zolja/tereza_raken/
54,http://lib.ru/INPROZ/ZOLYA/belly.txt,чревопарижа,золяэмиль,эмильзоля,https://briefly.ru/zolja/chrevo_parizha/
55,http://lib.ru/INPROZ/ZOLYA/nana.txt,нана,золяэмиль,эмильзоля,https://briefly.ru/zolja/nana/
56,http://lib.ru/INPROZ/ZOLYA/ladyluck.txt,дамскоесчастье,золяэмиль,эмильзоля,https://briefly.ru/zolja/damskoe_schaste/
57,http://lib.ru/LITRA/LERMONTOW/geroi.txt,геройнашеговремени,лермонтовмихаилюрьевич,михаилюрьевичлермонтов,https://briefly.ru/lermontov/geroj_nashego_vremeni/
58,http://lib.ru/INPROZ/ZINGER/shosha.txt,шоша,зингерисаакбашевис,исаакбашевисзингер,https://briefly.ru/zinger/shosha/
59,http://lib.ru/INOFANT/BENKS/most.txt,мост,бенксйен,иэнбэнкс,https://briefly.ru/benks/most/
60,http://lib.ru/INOFANT/BENKS/fabrika.txt,осинаяфабрика,бенксйен,иэнбэнкс,https://briefly.ru/benks/osinaja_fabrika/
61,http://lib.ru/PROZA/ZAMQTIN/text_0050.shtml,мы,замятиневгений,евгенийивановичзамятин,https://briefly.ru/zamyatin/my/
62,http://lib.ru/PROZA/ZAMQTIN/text_0010.shtml,уездное,замятиневгений,евгенийивановичзамятин,https://briefly.ru/zamyatin/uezdnoe/
63,http://lib.ru/INPROZ/../AKONANDOJL/lostwrld.txt,затерянныймир,конандойльартур,артурконандойл,https://briefly.ru/dojl/zateriannyy_mir/
64,http://lib.ru/INPROZ/../AKONANDOJL/sh_baskr.txt,собакабаскервилей,конандойльартур,артурконандойл,https://briefly.ru/dojl/sobaka_baskervilej/
65,http://lib.ru/INPROZ/../AKONANDOJL/sh_scarl.txt,этюдвбагровыхтонах,конандойльартур,артурконандойл,https://briefly.ru/dojl/etiud_v_bagrovykh_tonakh/
66,http://lib.ru/INPROZ/../AKONANDOJL/sh_sign4.txt,знакчетырех,конандойльартур,артурконандойл,https://briefly.ru/dojl/znak_chetyreh/
67,http://lib.ru/INPROZ/../AKONANDOJL/sh_vfear.txt,долинаужаса,конандойльартур,артурконандойл,https://briefly.ru/dojl/dolina_uzhasa/
68,http://lib.ru/INPROZ/../AKONANDOJL/sh_boskd.txt,тайнабоскомскойдолины,конандойльартур,артурконандойл,https://briefly.ru/dojl/tayna_boskomskoy_doliny/
69,http://lib.ru/INPROZ/../AKONANDOJL/sh_beril.txt,берилловаядиадема,конандойльартур,артурконандойл,https://briefly.ru/dojl/berillovaia_diadema/
70,http://lib.ru/INPROZ/../AKONANDOJL/sh_silve.txt,серебряный,конандойльартур,артурконандойл,https://briefly.ru/dojl/serebrianyy/
71,http://lib.ru/INPROZ/../AKONANDOJL/sh_yellw.txt,желтоелицо,конандойльартур,артурконандойл,https://briefly.ru/dojl/zheltoe_litco/
72,http://lib.ru/INPROZ/../AKONANDOJL/sh_glori.txt,глорияскотт,конандойльартур,артурконандойл,https://briefly.ru/dojl/gloriia_skott/
73,http://lib.ru/INPROZ/../AKONANDOJL/sh_mesg.txt,обряддомамесгрейвов,конандойльартур,артурконандойл,https://briefly.ru/dojl/obriad_doma_mesgreyvov/
74,http://lib.ru/INPROZ/../AKONANDOJL/sh_reiga.txt,рейгетскиесквайры,конандойльартур,артурконандойл,https://briefly.ru/dojl/reygetskie_skvayry/
75,http://lib.ru/INPROZ/../AKONANDOJL/sh_crook.txt,горбун,конандойльартур,артурконандойл,https://briefly.ru/dojl/gorbun/
76,http://lib.ru/INPROZ/../AKONANDOJL/sh_patie.txt,постоянныйпациент,конандойльартур,артурконандойл,https://briefly.ru/dojl/postoiannyy_patcient/
77,http://lib.ru/INPROZ/../AKONANDOJL/sh_intrp.txt,случайспереводчиком,конандойльартур,артурконандойл,https://briefly.ru/dojl/sluchay_s_perevodchikom/
78,http://lib.ru/INPROZ/../AKONANDOJL/sh_naval.txt,морскойдоговор,конандойльартур,артурконандойл,https://briefly.ru/dojl/morskoy_dogovor/
79,http://lib.ru/INPROZ/../AKONANDOJL/sh_ehome.txt,пустойдом,конандойльартур,артурконандойл,https://briefly.ru/dojl/pustoy_dom/
80,http://lib.ru/INPROZ/../AKONANDOJL/sh_norwd.txt,подрядчикизнорвуда,конандойльартур,артурконандойл,https://briefly.ru/dojl/podriadchik_iz_norvuda/
81,http://lib.ru/INPROZ/../AKONANDOJL/sh_dancm.txt,пляшущиечеловечки,конандойльартур,артурконандойл,https://briefly.ru/dojl/pliashushchie_chelovechki/
82,http://lib.ru/INPROZ/../AKONANDOJL/sh_cycle.txt,одинокаявелосипедистка,конандойльартур,артурконандойл,https://briefly.ru/dojl/odinokaia_velosipedistka/
83,http://lib.ru/INPROZ/../AKONANDOJL/sh_prsch.txt,случайвинтернате,конандойльартур,артурконандойл,https://briefly.ru/dojl/sluchay_v_internate/
84,http://lib.ru/INPROZ/../AKONANDOJL/sh_milve.txt,конецчарльзаогастесамилвертона,конандойльартур,артурконандойл,https://briefly.ru/dojl/konetc_charlza_ogastesa_milvertona/
85,http://lib.ru/INPROZ/../AKONANDOJL/sh_regbi.txt,пропавшийрегбист,конандойльартур,артурконандойл,https://briefly.ru/dojl/propavshiy_regbist/
86,http://lib.ru/INPROZ/../AKONANDOJL/sh_ebbig.txt,убийствовэббигрейндж,конандойльартур,артурконандойл,https://briefly.ru/dojl/ubiystvo_v_ebbi_greyndzh/
87,http://lib.ru/INPROZ/../AKONANDOJL/sh_cbox.txt,картоннаякоробка,конандойльартур,артурконандойл,https://briefly.ru/dojl/kartonnaia_korobka/
88,http://lib.ru/INPROZ/../AKONANDOJL/sh_redcr.txt,алоекольцо,конандойльартур,артурконандойл,https://briefly.ru/dojl/aloe_koltco/
89,http://lib.ru/INPROZ/../AKONANDOJL/sh_bruce.txt,чертежибрюсапартингтона,конандойльартур,артурконандойл,https://briefly.ru/dojl/chertezhi_briusa_partingtona/
90,http://lib.ru/INPROZ/../AKONANDOJL/sh_dead.txt,шерлокхолмсприсмерти,конандойльартур,артурконандойл,https://briefly.ru/dojl/sherlok_kholms_pri_smerti/
91,http://lib.ru/INPROZ/../AKONANDOJL/sh_devil.txt,дьяволованога,конандойльартур,артурконандойл,https://briefly.ru/dojl/diavolova_noga/
92,http://lib.ru/INPROZ/../AKONANDOJL/sh_lsbow.txt,егопрощальныйпоклон,конандойльартур,артурконандойл,https://briefly.ru/dojl/ego_proshchalnyy_poklon/
93,http://lib.ru/INPROZ/../AKONANDOJL/sh_maza.txt,каменьмазарини,конандойльартур,артурконандойл,https://briefly.ru/dojl/kamen_mazarini/
94,http://lib.ru/INPROZ/../AKONANDOJL/sh_3konk.txt,происшествиенавиллетриконька,конандойльартур,артурконандойл,https://briefly.ru/dojl/proisshestvie_na_ville_tri_konka/
95,http://lib.ru/INPROZ/../AKONANDOJL/sh_svamp.txt,вампирвсуссексе,конандойльартур,артурконандойл,https://briefly.ru/dojl/vampir_v_sussekse/
96,http://lib.ru/INPROZ/../AKONANDOJL/sh_thor.txt,загадкаторскогомоста,конандойльартур,артурконандойл,https://briefly.ru/dojl/zagadka_torskogo_mosta/
97,http://lib.ru/INPROZ/../AKONANDOJL/sh_chel.txt,человекначетвереньках,конандойльартур,артурконандойл,https://briefly.ru/dojl/chelovek_na_chetverenkakh/
98,http://lib.ru/INPROZ/../AKONANDOJL/sh_leon.txt,львинаягрива,конандойльартур,артурконандойл,https://briefly.ru/dojl/lvinaia_griva/
99,http://lib.ru/INPROZ/../AKONANDOJL/sh_shosk.txt,загадкапоместьяшоскомб,конандойльартур,артурконандойл,https://briefly.ru/dojl/zagadka_pomestia_shoskomb/
100,http://lib.ru/INPROZ/../AKONANDOJL/sh_mosk.txt,москательщикнапокое,конандойльартур,артурконандойл,https://briefly.ru/dojl/moskatelshchik_na_pokoe/
101,http://lib.ru/INPROZ/../DVOJS/portrait.txt,портретхудожникавюности,джойсджеймс,джеймсджойс,https://briefly.ru/dzhojs/portret_hudozhnika_v_junosti/
102,http://lib.ru/PROZA/PAUSTOWSKIJ/roza.txt,золотаяроза,паустовскийконстантин,константингеоргиевичпаустовский,https://briefly.ru/paustovskij/zolotaia_roza/
103,http://lib.ru/INPROZ/DOKTOROU/ragtime.txt,рэгтайм,доктороуел,эдгарлоренсдоктороу,https://briefly.ru/doktorou/regtajm/
104,http://lib.ru/INPROZ/ERIA/bussardel_family.txt,семьябуссардель,эриафилипп,филиппэриа,https://briefly.ru/eria/semja_bussardel/
105,http://lib.ru/RUSSLIT/SWIRSKIJ_A/ryzhik.txt,рыжик,свирскийалексей,алексейивановичсвирский,https://briefly.ru/svirskiy/ryzhik/
106,http://lib.ru/PRIKL/../GOLIKOW/rvs.txt,рвс,гайдараркадий,аркадийпетровичгайдар,https://briefly.ru/gajdar/rvs/
107,http://lib.ru/PRIKL/../GOLIKOW/school.txt,школа,гайдараркадий,аркадийпетровичгайдар,https://briefly.ru/gajdar/shkola/
108,http://lib.ru/PRIKL/../GOLIKOW/vtajna.txt,военнаятайна,гайдараркадий,аркадийпетровичгайдар,https://briefly.ru/gajdar/voennaia_tayna/
109,http://lib.ru/PRIKL/../GOLIKOW/timur.txt,тимуриегокоманда,гайдараркадий,аркадийпетровичгайдар,https://briefly.ru/gajdar/timur_i_ego_komanda/
110,http://lib.ru/PRIKL/../GOLIKOW/gchashka.txt,голубаячашка,гайдараркадий,аркадийпетровичгайдар,https://briefly.ru/gajdar/golubaia_chashka/
111,http://lib.ru/INPROZ/MERDOK/murdoch_black.txt,черныйпринц,мердокайрис,айрисмердок,https://briefly.ru/merdok/chernyj_princ/
112,http://lib.ru/INPROZ/FEJHTWANGER/opperman.txt,семьяопперман,фейхтвангерлион,лионфейхтвангер,https://briefly.ru/fejhtvanger/semja_opperman/
113,http://lib.ru/INPROZ/FEJHTWANGER/peace.txt,мир,фейхтвангерлион,аристофан,https://briefly.ru/aristofan/mir/
114,http://lib.ru/INPROZ/GOTORN/bukwa.txt,алаябуква,готорннатаниель,натаниелготорн,https://briefly.ru/gotorn/alaja_bukva/
115,http://lib.ru/INPROZ/ELIOT/middlema.txt,миддлмарч,элиотджордж,джорджэлиот,https://briefly.ru/eliot/midlmarch/
116,http://lib.ru/INPROZ/../SOCFANT/CHAPEK/war_sal.txt,войнассаламандрами,чапеккарел,карелчапек,https://briefly.ru/chapek/voina_s_salamandrami/
117,http://lib.ru/PRIKL/../STIVENSON/island.txt,островсокровищ,стивенсонроберт,робертльюисстивенсон,https://briefly.ru/stivenson/ostrov_sokrovicsh/
118,http://lib.ru/PRIKL/../STIVENSON/stiven03.txt,чернаястрела,стивенсонроберт,робертльюисстивенсон,https://briefly.ru/stivenson/chernaja_strela/
119,http://lib.ru/INPROZ/../MARKES/nobody.txt,полковникуниктонепишет,маркесгабриэльгарсия,габриэльгарсиамаркес,https://briefly.ru/markes/polkovniku_nikto_ne_pishet/
120,http://lib.ru/INPROZ/../FAULS/mag.txt,волхв,фаулзджон,джонфаулз,https://briefly.ru/faulz/volhv/
121,http://lib.ru/POEEAST/EVRIPID/evripid1_1.txt,алькеста,еврипид,еврипид,https://briefly.ru/evripid/alkestida/
122,http://lib.ru/POEEAST/EVRIPID/evripid1_2.txt,медея,еврипид,еврипид,https://briefly.ru/evripid/medeja/
123,http://lib.ru/POEEAST/EVRIPID/evripid1_4.txt,ипполит,еврипид,еврипид,https://briefly.ru/evripid/ippolit/
124,http://lib.ru/POEEAST/EVRIPID/evripid1_8.txt,геракл,еврипид,еврипид,https://briefly.ru/evripid/gerakl/
125,http://lib.ru/POEEAST/EVRIPID/evripid1_10.txt,ифигениявтавриде,еврипид,еврипид,https://briefly.ru/evripid/ifigenija_v_tavride/
126,http://lib.ru/POEEAST/EVRIPID/evripid2_7.txt,ифигениявавлиде,еврипид,еврипид,https://briefly.ru/evripid/ifigenija_v_avlide/
127,http://lib.ru/LITRA/LERMONTOW/maskarad.txt,маскарад,лермонтовмихаилюрьевич,михаилюрьевичлермонтов,https://briefly.ru/lermontov/maskarad/
128,http://lib.ru/PRIKL/SKOTT/monastery.txt,монастырь,скоттвальтер,вальтерскотт,https://briefly.ru/skott/monastyr/
129,http://lib.ru/INPROZ/CWEJG/amok.txt,амок,цвейгстефан,стефанцвейг,https://briefly.ru/cvejg/amok/
130,http://lib.ru/INPROZ/CWEJG/amok.txt,амок,цвейгстефан,стефанцвейг,https://briefly.ru/cvejg/amok/
131,http://lib.ru/INPROZ/CWEJG/heart.txt,нетерпениесердца,цвейгстефан,стефанцвейг,https://briefly.ru/cvejg/neterpenie_serdca/
132,http://lib.ru/INPROZ/CWEJG/cveig09.txt,письмонезнакомки,цвейгстефан,стефанцвейг,https://briefly.ru/cvejg/pismo_neznakomki/
133,http://lib.ru/INPROZ/CWEJG/chess.txt,шахматнаяновелла,цвейгстефан,стефанцвейг,https://briefly.ru/cvejg/shakhmatnaia_novella/
134,http://lib.ru/INPROZ/UAJLDER/bridge.txt,мосткоролялюдовикасвятого,уайлдерторнтон,торнтонуайлдер,https://briefly.ru/uajlder/most_korolja_ljudovika_svjatogo/
135,http://lib.ru/INPROZ/SHNICLER/zhena_mudreca.txt,женамудреца,шницлерартур,артуршницлер,https://briefly.ru/shnicler/zhena_mudreca/
136,http://lib.ru/PROZA/MOZHAEW/jivoy.txt,живой,можаевборис,борисандреевичможаев,https://briefly.ru/mozhaev/zhivoj/
137,http://lib.ru/PROZA/KAZAKOW/r_tihoe_utro.txt,тихоеутро,казаковюрий,юрийпавловичказаков,https://briefly.ru/kazakov/tikhoe_utro/
138,http://lib.ru/PROZA/GAZDANOW/alexandr.txt,призракалександравольфа,газдановгайто,гайтогазданов,https://briefly.ru/gazdanov/prizrak_aleksandra_volfa/
139,http://lib.ru/PROZA/GAZDANOW/cler.txt,вечеруклэр,газдановгайто,гайтогазданов,https://briefly.ru/gazdanov/vecher_u_kler/
140,http://lib.ru/INPROZ/SENAGON/pillowbook.txt,запискиуизголовья,сэйсенагон,сэйсенагон,https://briefly.ru/senagon/zapiski_u_izgolova/
141,http://lib.ru/PROZA/BELYAEW_W/fort1.txt,стараякрепость,беляеввладимир,владимирпавловичбеляев,https://briefly.ru/beliaev_vp/staraia_krepost/
142,http://lib.ru/INPROZ/FLOBER/bovary.txt,госпожабовари,флобергюстав,гюставфлобер,https://briefly.ru/flober/gospozha_bovari/
143,http://lib.ru/INPROZ/FLOBER/salammbo.txt,саламбо,флобергюстав,гюставфлобер,https://briefly.ru/flober/salambo/
144,http://lib.ru/INPROZ/FLOBER/dusha.txt,простаядуша,флобергюстав,гюставфлобер,https://briefly.ru/flober/prostaia_dusha/
145,http://lib.ru/PROZA/MAKANIN/nebo.txt,гдесходилосьнебосхолмами,маканинвладимир,владимирсеменовичмаканин,https://briefly.ru/makanin/gde_shodilos_nebo_s_holmami/
146,http://lib.ru/INPROZ/SAROQN/saroyan.txt,приключениявеслиджексона,сароянуильям,уильямсароян,https://briefly.ru/sarojan/prikljuchenija_vesli_dzheksona/
147,http://lib.ru/INPROZ/BREHT/kurazh.txt,мамашакуражиеедети,брехтбертольт,бертольтбрехт,https://briefly.ru/breht/mamasha_kurazh_i_ee_deti/
148,http://lib.ru/INPROZ/BREHT/breht1_2.txt,трехгрошоваяопера,брехтбертольт,бертольтбрехт,https://briefly.ru/breht/trehgroshovaja_opera/
149,http://lib.ru/INPROZ/BREHT/breht2_5.txt,жизньгалилея,брехтбертольт,бертольтбрехт,https://briefly.ru/breht/zhizn_galileja/
150,http://lib.ru/INPROZ/BREHT/breht3_3.txt,добрыйчеловекизсычуани,брехтбертольт,бертольтбрехт,https://briefly.ru/breht/dobryj_chelovek_iz_sychuani/
151,http://lib.ru/INPROZ/JAMES/james02.txt,письмаасперна,джеймсгенри,генриджеймс,https://briefly.ru/dzhejms/pisma_asperna/
152,http://lib.ru/INPROZ/JAMES/european.txt,европейцы,джеймсгенри,генриджеймс,https://briefly.ru/dzhejms/evropejcy/
153,http://lib.ru/INPROZ/SNOW/corridor.txt,коридорывласти,сноучарльз,чарльзперсисноу,https://briefly.ru/snou/koridory_vlasti/
154,http://lib.ru/INPROZ/WULF_W/dalloway.txt,миссисдэллоуэй,вулфвирджиния,вирджиниявулф,https://briefly.ru/virg-vulf/missis_deldouej/
155,http://lib.ru/INPROZ/WULF_W/lghthous.txt,намаяк,вулфвирджиния,вирджиниявулф,https://briefly.ru/virg-vulf/na_majak/
156,http://lib.ru/INPROZ/../SELINGER/sel_1.txt,надпропастьюворжи,сэлинджерджером,джеромсэлинджер,https://briefly.ru/selindzher/nad_propastju_vo_rzhi/
157,http://lib.ru/INPROZ/KAMU/postoronnij.txt,посторонний,камюальбер,альберкамю,https://briefly.ru/kamju/postoronnij/
158,http://lib.ru/PROZA/../INPROZ/ALEJHEM/tevie.txt,тевьемолочник,шоломалейхем,шоломалейхем,https://briefly.ru/sholom_aleykhem/teve_molochnik/
159,http://lib.ru/INPROZ/ALEJHEM/tevie.txt,тевьемолочник,шоломалейхем,шоломалейхем,https://briefly.ru/sholom_aleykhem/teve_molochnik/
160,http://lib.ru/INPROZ/../EKZUPERY/planeta.txt,планеталюдей,сентэкзюпериантуан,антуандесентэкзюпери,https://briefly.ru/sent-ekzjuperi/zemlja_ljudej/
161,http://lib.ru/INPROZ/KRONIN/citadel.txt,цитадель,кронинарчибалд,арчибальдкронин,https://briefly.ru/kronin/citadel/
162,http://lib.ru/PROZA/BONDAREW/quiet.txt,тишина,бондаревюрий,юрийвасильевичбондарев,https://briefly.ru/bondarev/tishina/
163,http://lib.ru/PROZA/BONDAREW/shore.txt,берег,бондаревюрий,юрийвасильевичбондарев,https://briefly.ru/bondarev/bereg/
164,http://lib.ru/PROZA/BONDAREW/excuse.txt,проститенас,бондаревюрий,юрийвасильевичбондарев,https://briefly.ru/bondarev/prostite_nas/
165,http://lib.ru/INOFANT/RUNOSKE/bat_mush.txt,бататоваякаша,рюноскэакутагава,рюноскэакутагава,https://briefly.ru/akutagava/batatovaja_kasha/
166,http://lib.ru/INPROZ/../INOFANT/RUNOSKE/bat_mush.txt,бататоваякаша,акутагаварюноскэ,рюноскэакутагава,https://briefly.ru/akutagava/batatovaja_kasha/
167,http://lib.ru/INOFANT/RUNOSKE/ras_gate.txt,воротарасемон,рюноскэакутагава,рюноскэакутагава,https://briefly.ru/akutagava/vorota_rasemon/
168,http://lib.ru/INPROZ/../INOFANT/RUNOSKE/ras_gate.txt,воротарасемон,акутагаварюноскэ,рюноскэакутагава,https://briefly.ru/akutagava/vorota_rasemon/
169,http://lib.ru/INOFANT/RUNOSKE/thicket.txt,вчаще,рюноскэакутагава,рюноскэакутагава,https://briefly.ru/akutagava/v_chacshe/
170,http://lib.ru/INPROZ/../INOFANT/RUNOSKE/thicket.txt,вчаще,акутагаварюноскэ,рюноскэакутагава,https://briefly.ru/akutagava/v_chacshe/
171,http://lib.ru/INOFANT/RUNOSKE/loshad.txt,лошадиныеноги,рюноскэакутагава,рюноскэакутагава,https://briefly.ru/akutagava/loshadinye_nogi/
172,http://lib.ru/INPROZ/../INOFANT/RUNOSKE/loshad.txt,лошадиныеноги,акутагаварюноскэ,рюноскэакутагава,https://briefly.ru/akutagava/loshadinye_nogi/
173,http://lib.ru/INOFANT/RUNOSKE/4a-09.txt,мукиада,рюноскэакутагава,рюноскэакутагава,https://briefly.ru/akutagava/muki_ada/
174,http://lib.ru/INPROZ/../INOFANT/RUNOSKE/4a-09.txt,мукиада,акутагаварюноскэ,рюноскэакутагава,https://briefly.ru/akutagava/muki_ada/
175,http://lib.ru/INOFANT/RUNOSKE/4a-11.txt,мандарины,рюноскэакутагава,рюноскэакутагава,https://briefly.ru/akutagava/mandariny/
176,http://lib.ru/INPROZ/../INOFANT/RUNOSKE/4a-11.txt,мандарины,акутагаварюноскэ,рюноскэакутагава,https://briefly.ru/akutagava/mandariny/
177,http://lib.ru/INOFANT/RUNOSKE/4a-18.txt,нанкинскийхристос,рюноскэакутагава,рюноскэакутагава,https://briefly.ru/akutagava/nankinskij_hristos/
178,http://lib.ru/INPROZ/../INOFANT/RUNOSKE/4a-18.txt,нанкинскийхристос,акутагаварюноскэ,рюноскэакутагава,https://briefly.ru/akutagava/nankinskij_hristos/
179,http://lib.ru/INPROZ/STRINDBERG_A/strindberg_roda_rummet_rus.txt,краснаякомната,стриндбергавгуст,августстриндберг,https://briefly.ru/strindberg/krasnaja_komnata/
180,http://lib.ru/INPROZ/WOJNICH/owod.txt,овод,войничлилианэтель,этельлилианвойнич,https://briefly.ru/voynich/ovod/
181,http://lib.ru/INPROZ/KLEJST/kohlhaas_rus.txt,михаэлькольхаас,клейстгенрихфон,генрихфонклейст,https://briefly.ru/klejst/mihael_kolhaas/
182,http://lib.ru/PRIKL/KISELEW_W/dewochka_i_pticelet.txt,девочкаиптицелет,киселеввладимир,владимирлеонтьевичкиселев,https://briefly.ru/kiselev/devochka_i_ptitcelet/
183,http://lib.ru/INPROZ/MARKTWAIN/privid.txt,историяспривидением,твенмарк,марктвен,https://briefly.ru/tven/istoriia_s_privideniem/
184,http://lib.ru/INPROZ/../WILDE/wild_ghost.txt,кентервильскоепривидение,уайльдоскар,оскаруайльд,https://briefly.ru/uajld/kentervilskoe_prividenie/
185,http://lib.ru/INPROZ/../WILDE/wilde2_2.txt,веерледиуиндермир,уайльдоскар,оскаруайльд,https://briefly.ru/uajld/veer_ledi_uindermir/
186,http://lib.ru/INPROZ/../WILDE/wilde2_4.txt,идеальныймуж,уайльдоскар,оскаруайльд,https://briefly.ru/uajld/idealnyj_muzh/
187,http://lib.ru/INPROZ/../WILDE/wilde2_5.txt,какважнобытьсерьезным,уайльдоскар,оскаруайльд,https://briefly.ru/uajld/kak_vazhno_byt_sereznym/
188,http://lib.ru/POEEAST/TERENCIJ/teren1_6.txt,братья,теренций,теренций,https://briefly.ru/afr/bratja/
189,http://lib.ru/INOFANT/UELS/warworld.txt,войнамиров,уэллсгерберт,гербертуэллс,https://briefly.ru/uells/vojna_mirov/
190,http://lib.ru/INOFANT/UELS/timemach.txt,машинавремени,уэллсгерберт,гербертуэллс,https://briefly.ru/uells/mashina_vremeni/
191,http://lib.ru/INOFANT/UELS/invisibl.txt,человекневидимка,уэллсгерберт,гербертуэллс,https://briefly.ru/uells/chelovek-nevidimka/
192,http://lib.ru/INOFANT/UELS/moreau.txt,островдоктораморо,уэллсгерберт,гербертуэллс,https://briefly.ru/uells/ostrov_doktora_moro/
193,http://lib.ru/INOFANT/UELS/blind.txt,странаслепых,уэллсгерберт,гербертуэллс,https://briefly.ru/uells/strana_slepyx/
194,http://lib.ru/INOFANT/UELS/empr_ant.txt,царствомуравьев,уэллсгерберт,гербертуэллс,https://briefly.ru/uells/tsarstvo_muravjev/
195,http://lib.ru/INPROZ/KRONIN/castle.txt,замокброуди,кронинарчибалд,арчибальдкронин,https://briefly.ru/kronin/zamok_broudi/
196,http://lib.ru/INOFANT/VERN/cptgrant.txt,детикапитанагранта,вернжюль,жюльверн,https://briefly.ru/vern/deti_kapitana_granta/
197,http://lib.ru/INOFANT/VERN/ostrow.txt,таинственныйостров,вернжюль,жюльверн,https://briefly.ru/vern/tainstvennyj_ostrov/
198,http://lib.ru/INPROZ/FRISH/gante.txt,назовусебягантенбайн,фришмакс,максфриш,https://briefly.ru/frish/nazove_sebja_gantenbajn/
199,http://lib.ru/INPROZ/MANN_G/imp1.txt,верноподданный,маннгенрих,генрихманн,https://briefly.ru/mann/vernopoddannyj/
200,http://lib.ru/INPROZ/FOLKNER/town.txt,город,фолкнеруильям,уильямфолкнер,https://briefly.ru/folkner/gorod/
201,http://lib.ru/INPROZ/KONRAD/lord_jim.txt,лордджим,конрадджозеф,джозефконрад,https://briefly.ru/konrad/lord_dzhim/
202,http://lib.ru/PXESY/../INOOLD/LESSING/natan.txt,натанмудрый,готхольдэфраимлессинг,готхольдэфраимлессинг,https://briefly.ru/lessing/natan_mudryj/
203,http://lib.ru/PXESY/../INOOLD/LESSING/galotti.txt,эмилиягалотти,готхольдэфраимлессинг,готхольдэфраимлессинг,https://briefly.ru/lessing/emilija_galotti/
204,http://lib.ru/PXESY/../INOOLD/LESSING/schast.txt,миннафонбарнхельмилисолдатскоесчастье,готхольдэфраимлессинг,готхольдэфраимлессинг,https://briefly.ru/lessing/minna_fon_barnhelm_ili_soldatskoe_schaste/
205,http://lib.ru/PROZA/SHOLOHOW/semyanin.txt,семейныйчеловек,шолоховмихаил,михаилалександровичшолохов,https://briefly.ru/sholohov/semeynyy_chelovek/
206,http://lib.ru/PXESY/../INPROZ/IBSEN/kukl.txt,кукольныйдом,генрикибсен,генрикибсен,https://briefly.ru/ibsen/kukolnyj_dom/
207,http://lib.ru/PXESY/../INPROZ/IBSEN/ibsen_ghosts.txt,привидения,генрикибсен,генрикибсен,https://briefly.ru/ibsen/prividenija/
208,http://lib.ru/PXESY/../INPROZ/IBSEN/ibsen_utka.txt,дикаяутка,генрикибсен,генрикибсен,https://briefly.ru/ibsen/dikaja_utka/
209,http://lib.ru/PXESY/../INPROZ/IBSEN/ibsen1_2.txt,пергюнт,генрикибсен,генрикибсен,https://briefly.ru/ibsen/per_gjunt/
210,http://lib.ru/INPROZ/DIKKENS/pickwickpost.txt,посмертныезапискипиквикскогоклуба,диккенсчарльз,чарльздиккенс,https://briefly.ru/dikkens/posmertnye_zapiski_pikvikskogo_kluba/
211,http://lib.ru/INPROZ/DIKKENS/oliver.txt,приключенияоливератвиста,диккенсчарльз,чарльздиккенс,https://briefly.ru/dikkens/prikljuchenija_olivera_tvista/
212,http://lib.ru/INPROZ/DIKKENS/d19_1.txt,тяжелыевремена,диккенсчарльз,чарльздиккенс,https://briefly.ru/dikkens/tjazhelye_vremena/
213,http://lib.ru/INPROZ/DIKKENS/d23.txt,большиенадежды,диккенсчарльз,чарльздиккенс,https://briefly.ru/dikkens/bolshie_nadezhdy/
214,http://lib.ru/INPROZ/DRAJZER/tragedy.txt,американскаятрагедия,драйзертеодор,теодордрайзер,https://briefly.ru/drajzer/amerikanskaja_tragedija/
215,http://lib.ru/INPROZ/SMOLLET/smollet.txt,путешествиехамфриклинкера,смоллеттобайас,тобайассмоллетт,https://briefly.ru/smollet/puteshestvie_hamfri_klinkera/
216,http://lib.ru/PROZA/../DOWLATOW/kompromiss.txt,компромисс,довлатовсергей,сергейдонатовичдовлатов,https://briefly.ru/dovlatov/kompromiss/
217,http://lib.ru/RUFANT/BELAEW/ariel.txt,ариэль,беляевалександр,александрромановичбеляев,https://briefly.ru/beljaev/ariel/
218,http://lib.ru/INPROZ/MALO_G/bez_semji.txt,безсемьи,малогектор,гектормало,https://briefly.ru/malo/bez_semi/
219,http://lib.ru/TALES/../INPROZ/MALO_G/bez_semji.txt,безсемьи,гектормалобезсемьи,гектормало,https://briefly.ru/malo/bez_semi/
220,http://lib.ru/PROZA/AJTMATOW/plaha.txt,плаха,айтматовчингиз,чингизторекуловичайтматов,https://briefly.ru/ajtmatov/plaha/
221,http://lib.ru/PROZA/AJTMATOW/parohod.txt,белыйпароход,айтматовчингиз,чингизторекуловичайтматов,https://briefly.ru/ajtmatov/belyj_parohod/
222,http://lib.ru/PROZA/AJTMATOW/oblako.txt,белоеоблакочингисхана,айтматовчингиз,чингизторекуловичайтматов,https://briefly.ru/ajtmatov/beloe_oblako_chingiskhana/
223,http://lib.ru/PROZA/AJTMATOW/pegij.txt,пегийпесбегущийкраемморя,айтматовчингиз,чингизторекуловичайтматов,https://briefly.ru/ajtmatov/pegii_pes_begushchii_kraem_moria/
224,http://lib.ru/PROZA/AJTMATOW/mpole.txt,материнскоеполе,айтматовчингиз,чингизторекуловичайтматов,https://briefly.ru/ajtmatov/materinskoe_pole/
225,http://lib.ru/PROZA/DOMBROWSKIJ/faculty.txt,факультетненужныхвещей,домбровскийюрий,юрийосиповичдомбровский,https://briefly.ru/dombrovskij/fakultet_nenuzhnyh_vecshej/
226,http://lib.ru/INPROZ/MISIMA/zolotoj_hram.txt,золотойхрам,мисимаюкио,юкиомисима,https://briefly.ru/misima/zolotoj_hram/
227,http://lib.ru/INPROZ/MISIMA/maska.txt,исповедьмаски,мисимаюкио,юкиомисима,https://briefly.ru/misima/ispoved_maski/
228,http://lib.ru/INPROZ/MISIMA/patrioti.txt,патриотизм,мисимаюкио,юкиомисима,https://briefly.ru/misima/patriotizm/
229,http://lib.ru/INPROZ/OGENRI/r_linii.txt,линиисудьбы,огенри,огенри,https://briefly.ru/genri/linii_sudby/
230,http://lib.ru/RUSSLIT/ZAJCEW/zajcev2.txt,голубаязвезда,зайцевборис,борисконстантиновичзайцев,https://briefly.ru/zaytcev/golubaia_zvezda/
231,http://lib.ru/INPROZ/OLDINGTON/hero.txt,смертьгероя,олдингтонричард,ричардолдингтон,https://briefly.ru/oldington/smert_geroja/
232,http://lib.ru/PROZA/BAKLANOW/nineteen.txt,навекидевятнадцатилетние,баклановгригорий,григорийяковлевичбакланов,https://briefly.ru/baklanov/naveki_deviatnadtcatiletnie/
233,http://lib.ru/PROZA/BAKLANOW/pyad.txt,пядьземли,баклановгригорий,григорийяковлевичбакланов,https://briefly.ru/baklanov/pjad_zemli/
234,http://lib.ru/INPROZ/MAJRINK/golem_new.txt,голем,майринкгустав,густавмайринк,https://briefly.ru/mejrink/golem/
235,http://lib.ru/PXESY/ANUJ/passazhir.txt,пассажирбезбагажа,жанануй,жанануй,https://briefly.ru/anuj/passazhir_bez_bagazha/
236,http://lib.ru/INPROZ/../LONDON/london01.txt,морскойволк,лондонджек,джеклондон,https://briefly.ru/london/morskoy_volk/
237,http://lib.ru/INPROZ/../LONDON/london03.txt,белыйклык,лондонджек,джеклондон,https://briefly.ru/london/belyj_klyk/
238,http://lib.ru/INPROZ/../LONDON/london04.txt,зовпредков,лондонджек,джеклондон,https://briefly.ru/london/zov_predkov/
239,http://lib.ru/INPROZ/../LONDON/kishstor.txt,сказаниеокише,лондонджек,джеклондон,https://briefly.ru/london/skazanie_o_kishe/
240,http://lib.ru/INPROZ/../LONDON/lifelove.txt,любовькжизни,лондонджек,джеклондон,https://briefly.ru/london/liubov_k_zhizni/
241,http://lib.ru/INPROZ/../LONDON/hrabr7.txt,наберегахсакраменто,лондонджек,джеклондон,https://briefly.ru/london/na_beregakh_sakramento/
242,http://lib.ru/PXESY/WAMPILOW/vampilov1_1.txt,старшийсын,александрвампилов,александрвалентиновичвампилов,https://briefly.ru/vampilov/starshij_syn/
243,http://lib.ru/POEEAST/PETRONIJ/satirikon.txt,сатирикон,петронийарбитр,петроний,https://briefly.ru/petronij/satirikon/
244,http://lib.ru/INPROZ/KAMU/padenie.txt,падение,камюальбер,альберкамю,https://briefly.ru/kamju/padenie/
245,http://lib.ru/INPROZ/MELWILL/mobidik.txt,мобидикилибелыйкит,мелвиллгерман,германмелвилл,https://briefly.ru/melvill/mobi_dik_ili_belyj_kit/
246,http://lib.ru/PXESY/WAMPILOW/vampilov_ohota.txt,утинаяохота,александрвампилов,александрвалентиновичвампилов,https://briefly.ru/vampilov/utinaja_ohota/
247,http://lib.ru/PXESY/WAMPILOW/vampilov_proshanie.txt,прощаниевиюне,александрвампилов,александрвалентиновичвампилов,https://briefly.ru/vampilov/proschanie_v_ijune/
248,http://lib.ru/PXESY/WAMPILOW/vampilov1_2.txt,прошлымлетомвчулимске,александрвампилов,александрвалентиновичвампилов,https://briefly.ru/vampilov/proshlym_letom/
249,http://lib.ru/INPROZ/PORTER/korabl.txt,корабльдураков,портерэннкэтрин,кэтринэннпортер,https://briefly.ru/porter/korabl_durakov/
250,http://lib.ru/INPROZ/FOLKNER/mansion.txt,особняк,фолкнеруильям,уильямфолкнер,https://briefly.ru/folkner/osobnjak/
251,http://lib.ru/INPROZ/FOLKNER/noise_y.txt,шумиярость,фолкнеруильям,уильямфолкнер,https://briefly.ru/folkner/shum_i_jarost/
252,http://lib.ru/PROZA/GRANIN/thunder.txt,идунагрозу,гранинданиил,даниилалександровичгранин,https://briefly.ru/granin/idu_na_grozu/
253,http://lib.ru/INPROZ/DUGAR/tibo1.txt,семьятибо,дюгаррожемартен,рожемартендюгар,https://briefly.ru/gar/semja_tibo/
254,http://lib.ru/INPROZ/DUGAR/tibo2.txt,семьятибо,дюгаррожемартен,рожемартендюгар,https://briefly.ru/gar/semja_tibo/
255,http://lib.ru/INPROZ/DUGAR/tibo3.txt,семьятибо,дюгаррожемартен,рожемартендюгар,https://briefly.ru/gar/semja_tibo/
256,http://lib.ru/PROZA/BYKOW/onenight.txt,однаночь,быковвасиль,васильвладимировичбыков,https://briefly.ru/bykov/odna_noch/
257,http://lib.ru/NEWPROZA/ALEKSIEWICH/zhensk.txt,увойнынеженскоелицо,алексиевичсветлана,светланаалександровнаалексиевич,https://briefly.ru/aleksievich/u_voyny_ne_zhenskoe_litco/
258,http://lib.ru/PROZA/PRISTAWKIN/tuchka.txt_.txt,ночевалатучказолотая,приставкинанатолий,анатолийигнатьевичприставкин,https://briefly.ru/pristavkin/nochevala_tuchka_zolotaja/
259,http://lib.ru/POEEAST/PLATO/pir.txt,пир,платон,платон,https://briefly.ru/platon/pir/
260,http://lib.ru/PRIKL/SKOTT/ivangoe.txt,айвенго,скоттвальтер,вальтерскотт,https://briefly.ru/skott/ajvengo/
261,http://lib.ru/PRIKL/SKOTT/kwentin.txt,квентиндорвард,скоттвальтер,вальтерскотт,https://briefly.ru/skott/kventin_dorvard/
262,http://lib.ru/PRIKL/SKOTT/puritane.txt,пуритане,скоттвальтер,вальтерскотт,https://briefly.ru/skott/puritane/
263,http://lib.ru/TALES/BZHEHWA/ak_pk.txt,академияпанакляксы,янбжехва,янбжехва,https://briefly.ru/bzhekhva/akademiia_pana_kliaksy/
264,http://lib.ru/TALES/../RODARI/jelsom_2.txt,джельсоминовстранелжецов,джанниродари,джанниродари,https://briefly.ru/rodari/dzhelsomino_v_strane_lzhetcov/
265,http://lib.ru/TALES/../RODARI/00-82.txt,сиренида,джанниродари,джанниродари,https://briefly.ru/rodari/sirenida/
266,http://lib.ru/PROZA/POLEWOJ/chelowek.txt,повестьонастоящемчеловеке,полевойборис,борисниколаевичполевой,https://briefly.ru/polevoy/povest_o_nastoiashchem_cheloveke/
267,http://lib.ru/INPROZ/../PRISTLI/jun31.txt,июня,пристлиджонбойтон,джонбойнтонпристли,https://briefly.ru/pristli/31_iiunia/
268,http://lib.ru/INPROZ/../PRISTLI/dangerou.txt,опасныйповорот,пристлиджонбойтон,джонбойнтонпристли,https://briefly.ru/pristli/opasnyj_povorot/
269,http://lib.ru/INPROZ/../INOSTRHIST/PRUS/pharaon.txt,фараон,прусболеслав,болеславпрус,https://briefly.ru/prus/faraon/
270,http://lib.ru/INPROZ/../INOSTRHIST/PRUS/kukla.txt,кукла,прусболеслав,болеславпрус,https://briefly.ru/prus/kukla/
271,http://lib.ru/RUSSLIT/SMELEW/leto.txt,летогосподне,шмелевиван,ивансергеевичшмелев,https://briefly.ru/shmelev/leto_gospodne/
272,http://lib.ru/RUSSLIT/SMELEW/restoran.txt,человекизресторана,шмелевиван,ивансергеевичшмелев,https://briefly.ru/shmelev/chelovek_iz_restorana/
273,http://lib.ru/INPROZ/TEKKEREJ/fairy.txt,ярмаркатщеславия,теккерейуильям,уильяммейкпистеккерей,https://briefly.ru/tekkerej/jarmarka_tcsheslavija/
274,http://lib.ru/INPROZ/TEKKEREJ/fairy.txt,ярмаркатщеславия,теккерейуильям,уильяммейкпистеккерей,https://briefly.ru/tekkerej/jarmarka_tcsheslavija/
275,http://lib.ru/LITRA/LERMONTOW/mcyri.txt,мцыри,лермонтовмихаилюрьевич,михаилюрьевичлермонтов,https://briefly.ru/lermontov/mcyri/
276,http://lib.ru/LITRA/LERMONTOW/demon.txt,демон,лермонтовмихаилюрьевич,михаилюрьевичлермонтов,https://briefly.ru/lermontov/vostochnaja_povest/
277,http://lib.ru/RUSS_DETEKTIW/../PROZA/BOGOMOLOW/august44.txt,моментистинывавгустесорокчетвертого,богомоловвладимир,владимиросиповичбогомолов,https://briefly.ru/bogomolov/v_avguste44/
278,http://lib.ru/PROZA/BOGOMOLOW/ivan.txt,иван,богомоловвладимир,владимиросиповичбогомолов,https://briefly.ru/bogomolov/ivan/
279,http://lib.ru/INPROZ/APDAJK/rabbit.txt,кроликбеги,апдайкджон,джонапдайк,https://briefly.ru/apdajk/krolik_begi/
280,http://lib.ru/RUSSLIT/OSTROWSKIJ/kak_zakalyalas_stal.txt,какзакаляласьсталь,островскийниколай,николайалексеевичостровский,https://briefly.ru/nikolaiostrovskij/kak_zakaljalas_stal/
281,http://lib.ru/INPROZ/AMADU/dona_flor.txt,донафлоридваеемужа,амадужоржи,жоржиамаду,https://briefly.ru/amadu/dona_flor_i_dva_ee_muzha/
282,http://lib.ru/POEEAST/OWIDIJ/ovidii2_2.txt,метаморфозы,овидий,овидий,https://briefly.ru/nazon/metamorfozy/
283,http://lib.ru/INPROZ/../KIPLING/svepogas.txt,светпогас,киплингредьярд,редьярдкиплинг,https://briefly.ru/kipling/svet_pogas/
284,http://lib.ru/INPROZ/../KIPLING/littletales.txt,маленькиесказки,киплингредьярд,редьярдкиплинг,https://briefly.ru/kipling/malenkie_skazki/
285,http://lib.ru/PROZA/TROEPOLSKIJ/bim.txt,белыйбимчерноеухо,троепольскийгавриил,гавриилниколаевичтроепольский,https://briefly.ru/troepolskiy/belyy_bim_chernoe_ukho/
286,http://lib.ru/PROZA/BYKOW/tilldown.txt,дожитьдорассвета,быковвасиль,васильвладимировичбыков,https://briefly.ru/bykov/dozhit_do_rassveta/
287,http://lib.ru/PROZA/BYKOW/sotnikov.txt,сотников,быковвасиль,васильвладимировичбыков,https://briefly.ru/bykov/sotnikov/
288,http://lib.ru/PROZA/BYKOW/noreturn.txt,пойтииневернуться,быковвасиль,васильвладимировичбыков,https://briefly.ru/bykov/pojti_i_ne_vernutsja/
289,http://lib.ru/PROZA/BYKOW/alp_blld.txt,альпийскаябаллада,быковвасиль,васильвладимировичбыков,https://briefly.ru/bykov/alpiyskaia_ballada/
290,http://lib.ru/PROZA/BYKOW/obelisk.txt,обелиск,быковвасиль,васильвладимировичбыков,https://briefly.ru/bykov/obelisk/
291,http://lib.ru/PROZA/BYKOW/zhurkrik.txt,журавлиныйкрик,быковвасиль,васильвладимировичбыков,https://briefly.ru/bykov/zhuravlinyy_krik/
292,http://lib.ru/PROZA/BYKOW/batalion.txt,егобатальон,быковвасиль,васильвладимировичбыков,https://briefly.ru/bykov/ego_batalon/
293,http://lib.ru/PROZA/BYKOW/disaster.txt,знакбеды,быковвасиль,васильвладимировичбыков,https://briefly.ru/bykov/znak_bedy/
294,http://lib.ru/PROZA/BYKOW/kruglyan.txt,круглянскиймост,быковвасиль,васильвладимировичбыков,https://briefly.ru/bykov/krugljanskij_most/
295,http://lib.ru/INPROZ/MOEM/moon.txt,лунаигрош,моэмсомерсет,сомерсетмоэм,https://briefly.ru/moem/luna_i_grosh/
296,http://lib.ru/INPROZ/MOEM/unsubdue.txt,непокоренная,моэмсомерсет,сомерсетмоэм,https://briefly.ru/moem/nepokorennaia/
297,http://lib.ru/INPROZ/MOEM/theatre.txt,театр,моэмсомерсет,сомерсетмоэм,https://briefly.ru/moem/teatr/
298,http://lib.ru/INOFANT/../SIMAK/choice.txt,выборбогов,саймакклиффорд,клиффордсаймак,https://briefly.ru/sajmak/vybor_bogov/
299,http://lib.ru/INOFANT/../SIMAK/deathhou.txt,когдавдомеодиноко,саймакклиффорд,клиффордсаймак,https://briefly.ru/sajmak/kogda_v_dome_odinoko/
300,http://lib.ru/RUSSLIT/PANTELEEW/lionka.txt,ленькапантелеев,пантелеевалексейбелыхгригорий,лпантелеев,https://briefly.ru/panteleev/lenka_panteleev/
301,http://lib.ru/INPROZ/../WO/nezabwennaya.txt,незабвенная,воивлин,ивлинво,https://briefly.ru/vo/nezabvennaja/
302,http://lib.ru/INPROZ/../WO/dust.txt,пригоршняпраха,воивлин,ивлинво,https://briefly.ru/vo/prigorshnja_praha/
303,http://lib.ru/INPROZ/TORO/walden.txt,уолденилижизньвлесу,торогенридэвид,генридэвидторо,https://briefly.ru/toro/uolden_ili_zhizn_v_lesu/
304,http://lib.ru/TALES/GABBE_T/master.txt,городмастеровилисказкаодвухгорбунах,тамарагаббегородмастеров,тамарагригорьевнагаббе,https://briefly.ru/gabbe/gorod_masterov/
305,http://lib.ru/INPROZ/BELL/billiard.txt,бильярдвполовинедесятого,белльгенрих,генрихбелль,https://briefly.ru/bell/biljard_v_polovine_desjatogo/
306,http://lib.ru/INPROZ/BELL/clowneye.txt,глазамиклоуна,белльгенрих,генрихбелль,https://briefly.ru/bell/glazami_klouna/
307,http://lib.ru/PROZA/GREKOWA/testing.txt,наиспытаниях,грековаи,игрекова,https://briefly.ru/grekova/na_ispytanijah/
308,http://lib.ru/PROZA/GREKOWA/barber.txt,дамскиймастер,грековаи,игрекова,https://briefly.ru/grekova/damskij_master/
309,http://lib.ru/PROZA/GREKOWA/no_smile.txt,безулыбок,грековаи,игрекова,https://briefly.ru/grekova/bez_ulybok/
310,http://lib.ru/INPROZ/UORREN/kingsmen.txt,всякоролевскаярать,уорренробертпенн,робертпеннуоррен,https://briefly.ru/uorren/vsja_korolevskaja_rat/
311,http://lib.ru/INPROZ/MORIAK/theresa.txt,терезадескейру,мориакфрансуа,франсуамориак,https://briefly.ru/moriak/tereza_deskejru/
312,http://lib.ru/INPROZ/MORIAK/snakclew.txt,клубокзмей,мориакфрансуа,франсуамориак,https://briefly.ru/moriak/klubok_zmej/
313,http://lib.ru/POEEAST/SOFOKL/edip.txt,царьэдип,софокл,софокл,https://briefly.ru/sofokl/tsar_edip/
314,http://lib.ru/INPROZ/KETZABURO_O/wody.txt,объялименяводыдодушимоей,кэндзабурооэ,кэндзабурооэ,https://briefly.ru/oe/objali_menja_vody_do_dushi_moej/
315,http://lib.ru/PROZA/ALEKSIN/klarnet.txt,мойбратиграетнакларнете,алексинанатолий,анатолийгеоргиевичалексин,https://briefly.ru/aleksin/moy_brat_igraet_na_klarnete/
316,http://lib.ru/PROZA/ALEKSIN/ewdokia.txt,безумнаяевдокия,алексинанатолий,анатолийгеоргиевичалексин,https://briefly.ru/aleksin/bezumnaia_evdokiia/
317,http://lib.ru/INPROZ/KENO/zazi.txt,зазивметро,кенорэмон,раймонкено,https://briefly.ru/keno/zazi_v_meto/
318,http://lib.ru/INPROZ/MEJLER/nagie.txt,нагиеимертвые,мейлернорман,норманмейлер,https://briefly.ru/mejler/nagie_i_mertvye/
319,http://lib.ru/INPROZ/GREEN/comedian.txt,комедианты,грингрэм,грэмгрин,https://briefly.ru/gremgrin/komedianty/
320,http://lib.ru/INPROZ/GREEN/quiet_am.txt,тихийамериканец,грингрэм,грэмгрин,https://briefly.ru/gremgrin/tixij_amerikanets/
321,http://lib.ru/INPROZ/GREEN/consul.txt,почетныйконсул,грингрэм,грэмгрин,https://briefly.ru/gremgrin/pochetnyj_konsul/
322,http://lib.ru/INPROZ/GREEN/heartmat.txt,сутьдела,грингрэм,грэмгрин,https://briefly.ru/gremgrin/sut_dela/
323,http://lib.ru/PROZA/NEKRASOW/stalingrad.txt,вокопахсталинграда,некрасоввиктор,викторплатоновичнекрасов,https://briefly.ru/nekrasovvp/v_okopah_stalingrada/
324,http://lib.ru/PROZA/NEKRASOW/smlgrief.txt,маленькаяпечальнаяповесть,некрасоввиктор,викторплатоновичнекрасов,https://briefly.ru/nekrasovvp/malenkaja_pechalnaja_povest/
325,http://lib.ru/RUSSLIT/MARIENGOF/cynix.txt,циники,мариенгофанатолий,анатолийборисовичмариенгоф,https://briefly.ru/mariengof/ciniki/
326,http://lib.ru/INPROZ/BUCCATI/desert.txt,татарскаяпустыня,буццатидино,динобуццати,https://briefly.ru/buccati/tatarskaja_pustynja/
327,http://lib.ru/POEEAST/APULEJ/apulei.txt,метаморфозыилизолотойосел,апулей,апулей,https://briefly.ru/apulej/metamorfozy_ili_zolotoj_osel/
328,http://lib.ru/PROZA/GROSSMAN/lifefate.txt,жизньисудьба,гроссманвасилий,василийсеменовичгроссман,https://briefly.ru/grossman/zhizn_i_sudba/
329,http://lib.ru/INOFANT/../BAUM/baum01.txt,удивительныйволшебникизстраныоз,баумфранк,лайменфрэнкбаум,https://briefly.ru/baum/udivitelnyj_volshebnik_strany_oz/
330,http://lib.ru/INOFANT/../BAUM/baum03.txt,озмаизстраныоз,баумфранк,лайменфрэнкбаум,https://briefly.ru/baum/ozma_iz_strany_oz/
331,http://lib.ru/INOFANT/../BAUM/baum10.txt,ринкитинквстранеоз,баумфранк,лайменфрэнкбаум,https://briefly.ru/baum/rinkitink_v_strane_oz/
332,http://lib.ru/POEEAST/PLAVT/plavt1_2.txt,хвастливыйвоин,титмакцийплавт,плавт,https://briefly.ru/plavt/xvastlivyj_voin/
333,http://lib.ru/POEEAST/PLAVT/plavt2_3.txt,куркулион,титмакцийплавт,плавт,https://briefly.ru/plavt/kurkudion/
334,http://lib.ru/POEEAST/PLAVT/plavt2_5.txt,пленники,титмакцийплавт,плавт,https://briefly.ru/plavt/plenniki/
335,http://lib.ru/POEEAST/PLAVT/plavt2_7.txt,амфитрион,титмакцийплавт,плавт,https://briefly.ru/plavt/amfitrion/
336,http://lib.ru/PROZA/../FISKANDER/kroliki.txt,кроликииудавы,искандерфазиль,фазильабдуловичискандер,https://briefly.ru/iskander/kroliki_i_udavy/
337,http://lib.ru/PROZA/../FISKANDER/kozlotur.txt,созвездиекозлотура,искандерфазиль,фазильабдуловичискандер,https://briefly.ru/iskander/sozvezdie_kozlotura/
338,http://lib.ru/INPROZ/../WIAN/pena.txt,пенадней,вианборис,борисвиан,https://briefly.ru/vian/pena_dnej/
339,http://lib.ru/INOFANT/WONNEGUT/cat.txt,колыбельдлякошки,воннегуткурт,куртвоннегут,https://briefly.ru/vonnegut/kolybel_dlja_koshki/
340,http://lib.ru/RUFANT/../LAGIN/hottab.txt,старикхоттабыч,лагинлазарь,лазарьиосифовичлагин,https://briefly.ru/lagin/starik_khottabych/
341,http://lib.ru/TALES/../LAGIN/hottab.txt,старикхоттабыч,лазарьлагинстарикхоттабыч,лазарьиосифовичлагин,https://briefly.ru/lagin/starik_khottabych/
342,http://lib.ru/PROZA/SHOLOHOW/celina.txt,поднятаяцелина,шолоховмихаил,михаилалександровичшолохов,https://briefly.ru/sholohov/podnyataya_tselina/
343,http://lib.ru/PROZA/SHOLOHOW/sudbache.txt,судьбачеловека,шолоховмихаил,михаилалександровичшолохов,https://briefly.ru/sholohov/sudba_cheloveka/
344,http://lib.ru/PROZA/SHOLOHOW/Shlokhov1.txt,нахаленок,шолоховмихаил,михаилалександровичшолохов,https://briefly.ru/sholohov/nakhalenok/
345,http://lib.ru/PROZA/SHOLOHOW/alheart.txt,алешкиносердце,шолоховмихаил,михаилалександровичшолохов,https://briefly.ru/sholohov/aleshkino_serdtce/
346,http://lib.ru/PROZA/SHOLOHOW/bahchev.txt,бахчевник,шолоховмихаил,михаилалександровичшолохов,https://briefly.ru/sholohov/bakhchevnik/
347,http://lib.ru/PROZA/SHOLOHOW/cherv.txt,червоточина,шолоховмихаил,михаилалександровичшолохов,https://briefly.ru/sholohov/chervotochina/
348,http://lib.ru/PROZA/SHOLOHOW/jerebeno.txt,жеребенок,шолоховмихаил,михаилалександровичшолохов,https://briefly.ru/sholohov/zherebenok/
349,http://lib.ru/PROZA/SHOLOHOW/kolchak.txt,околчакекрапивеипрочем,шолоховмихаил,михаилалександровичшолохов,https://briefly.ru/sholohov/o_kolchake_krapive_i_prochem/
350,http://lib.ru/PROZA/SHOLOHOW/kolovert.txt,коловерть,шолоховмихаил,михаилалександровичшолохов,https://briefly.ru/sholohov/kolovert/
351,http://lib.ru/PROZA/SHOLOHOW/krov.txt,чужаякровь,шолоховмихаил,михаилалександровичшолохов,https://briefly.ru/sholohov/chuzhaia_krov/
352,http://lib.ru/PROZA/SHOLOHOW/pastuh.txt,пастух,шолоховмихаил,михаилалександровичшолохов,https://briefly.ru/sholohov/pastukh/
353,http://lib.ru/PROZA/SHOLOHOW/predsed.txt,председательреввоенсоветареспублики,шолоховмихаил,михаилалександровичшолохов,https://briefly.ru/sholohov/predsedatel_revvoensoveta_respubliki/
354,http://lib.ru/PROZA/SHOLOHOW/prodkom.txt,продкомиссар,шолоховмихаил,михаилалександровичшолохов,https://briefly.ru/sholohov/prodkomissar/
355,http://lib.ru/PROZA/SHOLOHOW/rodinka.txt,родинка,шолоховмихаил,михаилалександровичшолохов,https://briefly.ru/sholohov/rodinka/
356,http://lib.ru/PROZA/SHOLOHOW/semya.txt,шибалковосемя,шолоховмихаил,михаилалександровичшолохов,https://briefly.ru/sholohov/shibalkovo_semia/
357,http://lib.ru/PROZA/SHOLOHOW/step.txt,лазореваястепь,шолоховмихаил,михаилалександровичшолохов,https://briefly.ru/sholohov/lazorevaia_step/
358,http://lib.ru/PROZA/SHOLOHOW/vrag.txt,смертныйвраг,шолоховмихаил,михаилалександровичшолохов,https://briefly.ru/sholohov/smertnyy_vrag/
359,http://lib.ru/INPROZ/BARBUS/lefeu.txt,огонь,барбюсанри,анрибарбюс,https://briefly.ru/barbjus/ogon/
360,http://lib.ru/TALES/../TOLSTOJA/buratino.txttext_0160.shtml,аэлита,атолстойприключениябуратино,алексейниколаевичтолстой,https://briefly.ru/tolstoian/aelita/
361,http://lib.ru/TALES/../TOLSTOJA/buratino.txttext_0180.shtml,гиперболоидинженерагарина,атолстойприключениябуратино,алексейниколаевичтолстой,https://briefly.ru/tolstoian/giperboloid_inzhenera_garina/
362,http://lib.ru/TALES/../TOLSTOJA/buratino.txttext_0230.shtml,петрпервый,атолстойприключениябуратино,алексейниколаевичтолстой,https://briefly.ru/tolstoian/petr1/
363,http://lib.ru/TALES/../TOLSTOJA/buratino.txttext_1938_petr_perviy.shtml,петрпервый,атолстойприключениябуратино,алексейниколаевичтолстой,https://briefly.ru/tolstoian/petr1/
364,http://lib.ru/TALES/../TOLSTOJA/buratino.txttext_0040.shtml,детствоникиты,атолстойприключениябуратино,алексейниколаевичтолстой,https://briefly.ru/tolstoian/detstvo_nikity/
365,http://lib.ru/TALES/../TOLSTOJA/buratino.txttext_0100.shtml,гадюка,атолстойприключениябуратино,алексейниколаевичтолстой,https://briefly.ru/tolstoian/gadiuka/
366,http://lib.ru/INPROZ/../STEJNBEK/winter.txt,зиматревогинашей,стейнбекджон,джонстейнбек,https://briefly.ru/stejnbek/zima_trevogi_nashej/
367,http://lib.ru/PXESY/GAUPTMAN/woshod.txt,передзаходомсолнца,герхардтгауптман,герхартгауптман,https://briefly.ru/gauptman/pered_zahodom_solnca/
368,http://lib.ru/FILOSOF/../NICSHE/zaratustra.txt,такговорилзаратустра,фридрихницше,фридрихницше,https://briefly.ru/nitcshe/tak_govoril_zaratustra/
369,http://lib.ru/INPROZ/BAZEN/razwod.txt,анатомияодногоразвода,базенэрве,эрвебазен,https://briefly.ru/bazen/anatomija_odnogo_razvoda/
370,http://lib.ru/INPROZ/BAZEN/bazen3_1.txt,супружескаяжизнь,базенэрве,эрвебазен,https://briefly.ru/bazen/supruzheskaja_zhizn/
371,http://lib.ru/INPROZ/GRASS/baraban1.txt,жестянойбарабан,грассгюнтер,гюнтерграсс,https://briefly.ru/grass/zhestjanoj_baraban/
372,http://lib.ru/PROZA/WOROBIEW/ubity.txt,убитыподмосквой,воробьевконстантин,константиндмитриевичворобьев,https://briefly.ru/vorobiev/ubity_pod_moskvoj/
373,http://lib.ru/PROZA/WOROBIEW/gospodi.txt,этомыгосподи,воробьевконстантин,константиндмитриевичворобьев,https://briefly.ru/vorobiev/eto_my_gospodi/
374,http://lib.ru/POEEAST/ARISTOFAN/aristofan1_1.txt,облака,аристофан,аристофан,https://briefly.ru/aristofan/oblaka/
375,http://lib.ru/PROZA/OKUDZHAWA/diletanty.txt,путешествиедилетантов,окуджавабулат,булатшалвовичокуджава,https://briefly.ru/okudzhava/puteshestvie_diletantov/
376,http://lib.ru/RUSSLIT/GARIN/detstvo.txt,детствотемы,гаринмихайловскийниколай,николайгеоргиевичгаринмихайловский,https://briefly.ru/garin-mihajlovskij/detstvo_temy/
377,http://lib.ru/RUSSLIT/GARIN/gimnaz.txt,гимназисты,гаринмихайловскийниколай,николайгеоргиевичгаринмихайловский,https://briefly.ru/garin-mihajlovskij/gimnazisty/
378,http://lib.ru/INPROZ/../SARTR/p_d_d.txt,дьяволигосподьбог,сартржанполь,жанпольсартр,https://briefly.ru/sartr/djavol_i_gospod_bog/
379,http://lib.ru/PROZA/KASSIL/kassil1.txt,кондуитишвамбрания,кассильлев,левабрамовичкассиль,https://briefly.ru/kassil/konduit_i_shvambranija/
380,http://lib.ru/PROZA/KASSIL/kassil3.txt,будьтеготовывашевысочество,кассильлев,левабрамовичкассиль,https://briefly.ru/kassil/budte_gotovy_vashe_vysochestvo/
381,http://lib.ru/PXESY/KOKTO/orfej.txt,орфей,жанкокто,жанкокто,https://briefly.ru/kokto/orfej/
382,http://lib.ru/FILOSOF/KIRKEGOR/dnevnik.txt,дневникобольстителя,серенкьеркегор,серенкьеркегор,https://briefly.ru/kerkegor/dnevnik_obolstitelja/
383,http://lib.ru/PXESY/GALDONI/perepalki.txt,кьоджинскиеперепалки,карлгольдони,карлогольдони,https://briefly.ru/goldoni/kodzhinskie_perepalki/
384,http://lib.ru/PXESY/GALDONI/trufaldino.txt,слугадвухгоспод,карлгольдони,карлогольдони,https://briefly.ru/goldoni/sluga_dvuh_gospod/
385,http://lib.ru/PXESY/GALDONI/goldoni1_2.txt,феодал,карлгольдони,карлогольдони,https://briefly.ru/goldoni/feodal/
386,http://lib.ru/PXESY/GALDONI/traktirs.txt,трактирщица,карлгольдони,карлогольдони,https://briefly.ru/goldoni/traktircshica/
387,http://lib.ru/PROZA/DUDINCEW/onebread.txt,нехлебомединым,дудинцеввладимир,владимирдмитриевичдудинцев,https://briefly.ru/dudincev/ne_hlebom_edinym/
388,http://lib.ru/INPROZ/LUIS/babbitt.txt,бэббит,льюиссинклер,синклерльюис,https://briefly.ru/ljuis/bebbit/
389,http://lib.ru/PRIKL/DEFO/crusoeall2.txt,дальнейшиеприключенияробинзонакрузо,дефоданиэль,даниэльдефо,https://briefly.ru/defo/dalnejshie_prikljuchenija_robinzona_kruzo/
390,http://lib.ru/PRIKL/DEFO/moll.txt,радостиигорестизнаменитоймолльфлендерс,дефоданиэль,даниэльдефо,https://briefly.ru/defo/radosti_i_goresti_znamenitoj_moll_flenders/
391,http://lib.ru/INPROZ/MURAKAMI/kafka.txt,кафканапляже,муракамихаруки,харукимураками,https://briefly.ru/murakami/kafka_na_pliazhe/
392,http://lib.ru/POEEAST/TERENCIJ/teren1_2.txt,самоистязатель,теренций,теренций,https://briefly.ru/afr/samoistjazatel/
393,http://lib.ru/POEEAST/TERENCIJ/teren1_4.txt,формион,теренций,теренций,https://briefly.ru/afr/formion/
394,http://lib.ru/POEEAST/TERENCIJ/teren1_5.txt,свекровь,теренций,теренций,https://briefly.ru/afr/svekrov/
395,http://lib.ru/INPROZ/MANN/buddenbr.txt,будденброки,маннтомас,томасманн,https://briefly.ru/tomasmann/buddenbroki/
396,http://lib.ru/INPROZ/MANN/venecia.txt,смертьввенеции,маннтомас,томасманн,https://briefly.ru/tomasmann/smert_v_venecii/
397,http://lib.ru/PROZA/ALESHKOWSKIJ/nikalaj.txt,николайниколаевич,алешковскийюз,юзалешковский,https://briefly.ru/aleshkovskij/nikolaj_nikolaevich/
398,http://lib.ru/PROZA/ALESHKOWSKIJ/kenguru.txt,кенгуру,алешковскийюз,юзалешковский,https://briefly.ru/aleshkovskij/kenguru/
399,http://lib.ru/RUFANT/BELAEW/doul.txt,головапрофессорадоуэля,беляевалександр,александрромановичбеляев,https://briefly.ru/beljaev/golova_professora_douelja/
400,http://lib.ru/RUFANT/BELAEW/island.txt,островпогибшихкораблей,беляевалександр,александрромановичбеляев,https://briefly.ru/beljaev/ostrov_pogibshikh_korabley/
401,http://lib.ru/RUFANT/BELAEW/man-amhp.txt,человекамфибия,беляевалександр,александрромановичбеляев,https://briefly.ru/beljaev/chelovek_amfibiia/
402,http://lib.ru/INPROZ/MILLER/tropikraka.txt,тропикрака,миллергенри,генримиллер,https://briefly.ru/miller/tropik_raka/
403,http://lib.ru/PXESY/MILLER/commy.txt,смертькоммивояжера,артурмиллер,артурмиллер,https://briefly.ru/miller2/smert_kommivojazhera/
404,http://lib.ru/PXESY/STOPPARD/r_g.txt,розенкранцигильденстернмертвы,томстоппард,томстоппард,https://briefly.ru/stoppard/rozenkranc_i_gildenstern_mertvy/
405,http://lib.ru/PXESY/METERLINK/m4.txt,синяяптица,морисметерлинк,морисметерлинк,https://briefly.ru/meterlink/sinjaja_ptica/
406,http://lib.ru/PXESY/METERLINK/m2.txt,слепые,морисметерлинк,морисметерлинк,https://briefly.ru/meterlink/slepye/
407,http://lib.ru/PXESY/METERLINK/m3.txt,тамвнутри,морисметерлинк,морисметерлинк,https://briefly.ru/meterlink/tam_vnutri/
408,http://lib.ru/PXESY/ERDMAN/samoubijca.txt,самоубийца,николайэрдман,николайробертовичэрдман,https://briefly.ru/erdman/samoubijca/
409,http://lib.ru/INOFANT/../FOUNDATION/selfgods.txt,самибоги,азимовайзек,айзеказимов,https://briefly.ru/azimov/sami_bogi/
410,http://lib.ru/INOFANT/../FOUNDATION/26-04.txt,мойсынфизик,азимовайзек,айзеказимов,https://briefly.ru/azimov/moy_syn_fizik/
411,http://lib.ru/FILOSOF/ERAZM/pohwala.txt,похвалаглупости,эразмроттердамский,эразмроттердамский,https://briefly.ru/rotterdamskij/pohvala_gluposti/
412,http://lib.ru/PROZA/YASHIN/rychagi.txt,рычаги,яшиналександр,александряковлевичяшин,https://briefly.ru/jashin/rychagi/
413,http://lib.ru/PRIKL/DUBOW/mal_chik_u_morya.txt,мальчикуморя,дубовниколай,николайивановичдубов,https://briefly.ru/dubov/malchik_u_moria/
414,http://lib.ru/PROZA/SOLZHENICYN/ivandenisych.txt,одинденьиванаденисовича,солженицыналександр,александрисаевичсолженицын,https://briefly.ru/solzhenitsyn/odin_den/
415,http://lib.ru/PROZA/SOLZHENICYN/matren.txt,матрениндвор,солженицыналександр,александрисаевичсолженицын,https://briefly.ru/solzhenitsyn/matrenin_dvor/
416,http://lib.ru/PROZA/SOLZHENICYN/rk.txt,раковыйкорпус,солженицыналександр,александрисаевичсолженицын,https://briefly.ru/solzhenitsyn/rakovyi_korpus/
417,http://lib.ru/POEEAST/MENANDR/menandr1_1.txt,брюзга,менандр,менандр,https://briefly.ru/menandr/brjuzga/
418,http://lib.ru/POEEAST/MENANDR/menandr1_3.txt,третейскийсуд,менандр,менандр,https://briefly.ru/menandr/treteyskiy_sud/
419,http://lib.ru/INPROZ/PRUST/http://lit.lib.ru/g/godin_a/text_0010.shtml,обретенноевремя,прустмарсель,марсельпруст,https://briefly.ru/prust/obretennoe_vremia/
420,http://lib.ru/INPROZ/PRUST/wremya.txt,обретенноевремя,прустмарсель,марсельпруст,https://briefly.ru/prust/obretennoe_vremia/
421,http://lib.ru/RUSSLIT/FADEEW/mol_gwardiya.txt,молодаягвардия,фадеевалександр,александралександровичфадеев,https://briefly.ru/fadeev/molodaja_gvardija/
422,http://lib.ru/FILOSOF/../POEZIQ/SHELLY/shelley1_8.txt,освобожденныйпрометей,персибишишелли,персибишишелли,https://briefly.ru/shelli/osvobozhdennyj_prometej/
423,http://lib.ru/FILOSOF/../POEZIQ/SHELLY/shelley1_9.txt,ченчи,персибишишелли,персибишишелли,https://briefly.ru/shelli/chenchi/
424,http://lib.ru/INPROZ/../INOFANT/MERL/../../RAZNOE/ostrov.txt,остров,мерльроберт,робермерль,https://briefly.ru/merl/ostrov/
425,http://lib.ru/INOFANT/MERL/../../RAZNOE/ostrov.txt,остров,мерльробер,робермерль,https://briefly.ru/merl/ostrov/
426,http://lib.ru/INPROZ/../INOFANT/MERL/steklo.txt,застеклом,мерльроберт,робермерль,https://briefly.ru/merl/za_steklom/
427,http://lib.ru/INOFANT/MERL/steklo.txt,застеклом,мерльробер,робермерль,https://briefly.ru/merl/za_steklom/
428,http://lib.ru/INPROZ/HENDKE_P/prohanie.txt,короткоеписьмокдолгомупрощанию,хендкепетер,петерхандке,https://briefly.ru/handke/korotkoe_pismo_k_dolgomu_procshaniju/
429,http://lib.ru/PROZA/PETRUSHEWSKAYA/swoj_krug.txt,свойкруг,петрушевскаялюдмила,людмиластефановнапетрушевская,https://briefly.ru/petrushevskaja/svoj_krug/
430,http://lib.ru/INPROZ/JUNSON/priboj.txt,прибойиберега,юнсонэйвинд,эйвиндюнсон,https://briefly.ru/junson/priboj_i_berega/
431,http://lib.ru/INOFANT/POE/bochonok.txt,бочонокамонтильядо,поэдгар,эдгаралланпо,https://briefly.ru/po/bochonok_amontiliado/
432,http://lib.ru/INOFANT/POE/Goldbug.txt,золотойжук,поэдгар,эдгаралланпо,https://briefly.ru/po/zolotoj_zhuk/
433,http://lib.ru/INOFANT/POE/kolodec.txt,колодецимаятник,поэдгар,эдгаралланпо,https://briefly.ru/po/kolodetc_i_maiatnik/
434,http://lib.ru/INOFANT/POE/pfaal.txt,необыкновенноеприключениенекоегогансапфааля,поэдгар,эдгаралланпо,https://briefly.ru/po/neobyknovennoe_prikljuchenie_nekoego_gansa_pfaalja/
435,http://lib.ru/INOFANT/POE/oval.txt,овальныйпортрет,поэдгар,эдгаралланпо,https://briefly.ru/po/ovalnyy_portret/
436,http://lib.ru/INOFANT/POE/asher.txt,падениедомаашеров,поэдгар,эдгаралланпо,https://briefly.ru/po/padenie_doma_asherov/
437,http://lib.ru/INOFANT/POE/Letter.txt,похищенноеписьмо,поэдгар,эдгаралланпо,https://briefly.ru/po/pokhishchennoe_pismo/
438,http://lib.ru/INOFANT/POE/Mariroge.txt,тайнамарироже,поэдгар,эдгаралланпо,https://briefly.ru/po/tajna_mari_rozhe/
439,http://lib.ru/INOFANT/POE/Morgue.txt,убийствонаулицеморг,поэдгар,эдгаралланпо,https://briefly.ru/po/ubijstva_na_ulice_morg/
440,http://lib.ru/INOFANT/POE/blackcat.txt,черныйкот,поэдгар,эдгаралланпо,https://briefly.ru/po/chernyy_kot/
441,http://lib.ru/INOFANT/POE/poe1_1.txt,повестьоприключенияхартурагордонапима,поэдгар,эдгаралланпо,https://briefly.ru/po/povest_o_prikljuchenijah_artura_gordona_pima/
442,http://lib.ru/INOFANT/POE/crown3.txt,ворон,поэдгар,эдгаралланпо,https://briefly.ru/po/voron/
443,http://lib.ru/INPROZ/DEMUSSE/age_son.txt,исповедьсынавека,демюссеальфред,альфреддемюссе,https://briefly.ru/mjusse/ispoved_syna_veka/
444,http://lib.ru/INOFANT/BRADBURY/summer.txt,вселетоводиндень,брэдберирэй,рэйбрэдбери,https://briefly.ru/bredberi/vse_leto_v_odin_den/
445,http://lib.ru/INOFANT/BRADBURY/30-33.txt,рассказолюбви,брэдберирэй,рэйбрэдбери,https://briefly.ru/bredberi/rasskaz_o_liubvi/
446,http://lib.ru/INOFANT/BRADBURY/piecwood.txt,ржавчина,брэдберирэй,рэйбрэдбери,https://briefly.ru/bredberi/rzhavchina/
447,http://lib.ru/INPROZ/MOPASSAN/r_ozherelie.txt,ожерелье,мопассангиде,гидемопассан,https://briefly.ru/mopassan/ozherele/
448,http://lib.ru/POEEAST/GOMER/gomer01.txt,илиада,гомер,гомер,https://briefly.ru/gomer/iliada/
449,http://lib.ru/POEEAST/GOMER/gomer02.txt,одиссея,гомер,гомер,https://briefly.ru/gomer/odisseja/
450,http://lib.ru/PROZA/../KABAKOW/newozwr.txt,невозвращенец,кабаковалександр,александрабрамовичкабаков,https://briefly.ru/kabakov/nevozvracshenec/
451,http://lib.ru/PROZA/ZAKRUTKIN/maria.txt,матерьчеловеческая,закруткинвиталий,виталийалександровичзакруткин,https://briefly.ru/zakrutkin/mater_chelovecheskaja/
452,http://lib.ru/INPROZ/KOBO/zhenshina.txt,женщинавпесках,абэкобо,кобоабэ,https://briefly.ru/abe/zhencshina_v_peskah/
453,http://lib.ru/INPROZ/KOBO/karta.txt,сожженнаякарта,абэкобо,кобоабэ,https://briefly.ru/abe/sozhzhennaia_karta/
454,http://lib.ru/INPROZ/KOBO/firedmap.txt,сожженнаякарта,абэкобо,кобоабэ,https://briefly.ru/abe/sozhzhennaia_karta/
455,http://lib.ru/INPROZ/KOBO/lico.txt,чужоелицо,абэкобо,кобоабэ,https://briefly.ru/abe/chuzhoe_lico/
456,http://lib.ru/INPROZ/KOBO/yaschik.txt,человекящик,абэкобо,кобоабэ,https://briefly.ru/abe/chelovek-jacshik/
457,http://lib.ru/INPROZ/GELLIKO/tomasina.txt,томасина,гэлликопол,полгэллико,https://briefly.ru/gelliko/tomasina/
458,http://lib.ru/INPROZ/DZHONS/sudba.txt,отнынеивовек,джонсджеймс,джеймсрамонджонс,https://briefly.ru/dzhons/otnyne_i_vovek/
459,http://lib.ru/PROZA/NILIN/probatio.txt,испытательныйсрок,нилинпавел,павелфилипповичнилин,https://briefly.ru/nilin/ispytatelnyj_srok/
460,http://lib.ru/PRIKL/BUSSENAR/sorvigolova3.txt,капитансорвиголова,буссенарлуи,луибуссенар,https://briefly.ru/bussenar/kapitan_sorvi_golova/
461,http://lib.ru/POEEAST/ESHIL/prometej.txt,прометейприкованный,эсхил,эсхил,https://briefly.ru/esxil/prometej_prikovannyj/
462,http://lib.ru/POEEAST/ESHIL/eshil1_1.txt,семеропротивфив,эсхил,эсхил,https://briefly.ru/esxil/semero_protiv_fiv/
463,http://lib.ru/RUSSLIT/../PROZA/BABEL/odessa.txt,одесскиерассказы,бабельисаак,исаакэммануиловичбабель,https://briefly.ru/babel/odesskie_rasskazy/
464,http://lib.ru/RUSSLIT/../PROZA/BABEL/konarmia.txt,конармия,бабельисаак,исаакэммануиловичбабель,https://briefly.ru/babel/konarmija/
465,http://lib.ru/PROZA/../SHUKSHIN/do3pet.txt,дотретьихпетухов,шукшинвасилий,василиймакаровичшукшин,https://briefly.ru/shukshin/do_tretih_petuhov/
466,http://lib.ru/PROZA/../SHUKSHIN/kalina_krasnaya.txt,калинакрасная,шукшинвасилий,василиймакаровичшукшин,https://briefly.ru/shukshin/kalina_krasnaja/
467,http://lib.ru/PROZA/../SHUKSHIN/critic.txt,критики,шукшинвасилий,василиймакаровичшукшин,https://briefly.ru/shukshin/kritiki/
468,http://lib.ru/PROZA/../SHUKSHIN/kosmos.txt,космоснервнаясистемаишматсала,шукшинвасилий,василиймакаровичшукшин,https://briefly.ru/shukshin/kosmos_nervnaia_sistema_i_shmat_sala/
469,http://lib.ru/PROZA/../SHUKSHIN/mate.txt,материнскоесердце,шукшинвасилий,василиймакаровичшукшин,https://briefly.ru/shukshin/materinskoe_serdtse/
470,http://lib.ru/PROZA/../SHUKSHIN/ohota_zh.txt,охотажить,шукшинвасилий,василиймакаровичшукшин,https://briefly.ru/shukshin/oxota_zhit/
471,http://lib.ru/PROZA/../SHUKSHIN/srezal.txt,срезал,шукшинвасилий,василиймакаровичшукшин,https://briefly.ru/shukshin/srezal/
472,http://lib.ru/PROZA/../SHUKSHIN/volf.txt,волки,шукшинвасилий,василиймакаровичшукшин,https://briefly.ru/shukshin/volki/
473,http://lib.ru/PROZA/../SHUKSHIN/shukshin_chudik.txt,чудик,шукшинвасилий,василиймакаровичшукшин,https://briefly.ru/shukshin/chudik/
474,http://lib.ru/INPROZ/LAGERKWIST/ulybka.txt,улыбкавечности,лагерквистпер,перлагерквист,https://briefly.ru/lagerkvist/ulybka_vechnosti/
475,http://lib.ru/INPROZ/LAGERKWIST/mariamne.txt,мариамна,лагерквистпер,перлагерквист,https://briefly.ru/lagerkvist/mariamna/
476,http://lib.ru/INPROZ/LAGERKWIST/lagercvistp_miriamna.txt,мариамна,лагерквистпер,перлагерквист,https://briefly.ru/lagerkvist/mariamna/
477,http://lib.ru/RUSSLIT/SERAFIMOWICH/ironflow.txt,железныйпоток,серафимовичалександр,александрсерафимовичсерафимович,https://briefly.ru/serafimovich/zheleznyj_potok/
478,http://lib.ru/PROZA/KATAEW/almazn.txt,алмазныймойвенец,катаеввалентин,валентинпетровичкатаев,https://briefly.ru/kataev/almaznyj_moj_venec/
479,http://lib.ru/PROZA/KATAEW/parus.txt,белеетпарусодинокий,катаеввалентин,валентинпетровичкатаев,https://briefly.ru/kataev/beleet_parus_odinokij/
480,http://lib.ru/PROZA/KATAEW/synpolka.txt,сынполка,катаеввалентин,валентинпетровичкатаев,https://briefly.ru/kataev/syn_polka/
481,http://lib.ru/PROZA/KATAEW/rastratchiki.txt,растратчики,катаеввалентин,валентинпетровичкатаев,https://briefly.ru/kataev/rastratchiki/
482,http://lib.ru/INPROZ/IRWING/ripvanvinkl.txt,рипванвинкль,ирвингвашингтон,вашингтонирвинг,https://briefly.ru/irving/rip_van_vinkl/
483,http://lib.ru/INPROZ/IRWING/irving_hystory.txt,историяньюйорка,ирвингвашингтон,вашингтонирвинг,https://briefly.ru/irving/istorija_nju-jorka/
484,http://lib.ru/INPROZ/BELLOU/gercog.txt,герцог,беллоусол,солбеллоу,https://briefly.ru/bellou/gercog/
485,http://lib.ru/INOFANT/LAWKRAFT/ktulhu.txt,зовктулху,лавкрафтговард,говардфиллипславкрафт,https://briefly.ru/lavkraft/zov_ktulkhu/
486,http://lib.ru/PROZA/../PRISHWIN/kladsoln.txt,кладоваясолнца,пришвинмихаил,михаилмихайловичпришвин,https://briefly.ru/prishvin/kladovaia_solntca/
487,http://lib.ru/PROZA/ERENBURG/ottepel.txt,оттепель,эренбургилья,ильягригорьевичэренбург,https://briefly.ru/erenburg/ottepel/
488,http://lib.ru/INOFANT/HAKSLI/mir.txt,одивныйновыймир,хакслиолдос,олдосхаксли,https://briefly.ru/haksli/o_divnyj_novyj_mir/
489,http://lib.ru/INOFANT/HAKSLI/hucksley1_1.txt,контрапункт,хакслиолдос,олдосхаксли,https://briefly.ru/haksli/kontrapunkt/
490,http://lib.ru/INPROZ/GARDI/tess.txt,тэссизродадэрбервиллей,гардитомас,томасгарди,https://briefly.ru/hardy/tess_iz_roda_derbervillej/
491,http://lib.ru/PROZA/../KOWAL/nedopesok.txt,недопесок,ковальюрий,юрийиосифовичковаль,https://briefly.ru/koval/nedopesok/
492,http://lib.ru/PROZA/FRAERMAN/dingo.txt,дикаясобакадингоилиповестьопервойлюбви,фраерманрувим,рувимисаевичфраерман,https://briefly.ru/fraerman/dikaja_sobaka_dingo_ili_povest_o_pervoj_ljubvi/
493,http://lib.ru/TALES/../NOSOW/nezn3.txt,незнайканалуне,николайносовприключениянезнайки,николайниколаевичносов,https://briefly.ru/nikolainosov/neznajka_na_lune/
494,http://lib.ru/INPROZ/MARSHALL/luzhi.txt,яумеюпрыгатьчерезлужи,маршаллалан,аланмаршалл,https://briefly.ru/marshall/ia_umeiu_prygat_cherez_luzhi/
495,http://lib.ru/PROZA/RASPUTIN/dengi.txt,деньгидлямарии,распутинвалентин,валентингригорьевичраспутин,https://briefly.ru/rasputin/dengi_dlia_marii/
496,http://lib.ru/PROZA/RASPUTIN/matera.txt,прощаниесматерой,распутинвалентин,валентингригорьевичраспутин,https://briefly.ru/rasputin/proshanie_s_materoi/
497,http://lib.ru/PROZA/RASPUTIN/pozhar.txt,пожар,распутинвалентин,валентингригорьевичраспутин,https://briefly.ru/rasputin/pozhar/
498,http://lib.ru/PROZA/RASPUTIN/rasputin_zhivi.txt,живиипомни,распутинвалентин,валентингригорьевичраспутин,https://briefly.ru/rasputin/zhivi_i_pomni/
499,http://lib.ru/PRIKL/../MAJNRID/oceola.txt,оцеолавождьсеминолов,ридмайн,майнрид,https://briefly.ru/rid/oceola_vozhd_seminolov/
500,http://lib.ru/PRIKL/../MAJNRID/white.txt,белыйвождь,ридмайн,майнрид,https://briefly.ru/rid/belyj_vozhd/
501,http://lib.ru/PRIKL/../MAJNRID/kwarteronka.txt,квартеронка,ридмайн,майнрид,https://briefly.ru/rid/kvarteronka_ili_prikljuchenija_na_dalnem_zapade/
502,http://lib.ru/PRIKL/../MAJNRID/partisan.txt,американскиепартизаны,ридмайн,майнрид,https://briefly.ru/rid/amerikanskie_partizany/
503,http://lib.ru/PXESY/WILLIAMS/zverinec.txt,стеклянныйзверинец,теннессивильямс,теннессиуильямс,https://briefly.ru/uiljams/stekljannyj_zverinec/
504,http://lib.ru/PXESY/WILLIAMS/tramwaj.txt,трамвайжелание,теннессивильямс,теннессиуильямс,https://briefly.ru/uiljams/tramvaj_zhelanie/
